{
  "feature_history": [
    [
      24,
      1,
      18,
      1,
      17,
      1,
      0,
      0,
      0,
      1,
      0,
      0,
      0,
      0
    ],
    [
      237,
      7,
      194,
      7,
      187,
      1,
      1,
      0,
      0,
      1,
      0,
      0,
      0,
      0
    ],
    [
      46,
      1,
      39,
      1,
      38,
      1,
      0,
      0,
      0,
      0,
      0,
      0,
      0,
      0
    ],
    [
      69,
      1,
      62,
      1,
      61,
      1,
      1,
      0,
      0,
      0,
      0,
      0,
      0,
      0
    ],
    [
      81,
      1,
      74,
      1,
      73,
      1,
      1,
      0,
      1,
      0,
      0,
      0,
      0,
      0
    ],
    [
      102,
      1,
      95,
      1,
      94,
      1,
      1,
      0,
      0,
      0,
      0,
      0,
      0,
      0
    ],
    [
      237,
      7,
      194,
      7,
      187,
      1,
      1,
      0,
      0,
      1,
      0,
      0,
      0,
      0
    ],
    [
      46,
      1,
      39,
      1,
      38,
      1,
      0,
      0,
      0,
      0,
      0,
      0,
      0,
      0
    ],
    [
      46,
      1,
      39,
      1,
      38,
      1,
      0,
      0,
      0,
      0,
      0,
      0,
      0,
      0
    ],
    [
      46,
      1,
      39,
      1,
      38,
      1,
      0,
      0,
      0,
      0,
      0,
      0,
      0,
      0
    ]
  ],
  "prompt_history": [
    0,
    1,
    2,
    3,
    6,
    5,
    6,
    0,
    6,
    6
  ],
  "score_history": [
    8.23,
    7.33,
    8.24,
    8.36,
    8.14,
    8.52,
    8.29,
    7.63,
    8.83,
    8.23
  ],
  "sample_count": 10,
  "is_scaler_fitted": true,
  "model_coef": [
    1.6440544563386674,
    -0.40935834898923606,
    1.1784850914033678,
    -0.40935834898923606,
    1.102847809708955,
    0.0822992593029628,
    -0.10324232044600354,
    0.0,
    0.058751387805358476,
    -0.40359800819449915,
    0.0,
    0.0,
    0.0,
    0.0,
    1.354333058280392
  ],
  "model_intercept": [
    0.5624391538310146
  ],
  "scaler_mean": [
    130.5,
    4.0,
    106.0,
    4.0,
    102.0,
    1.0,
    0.5,
    0.0,
    0.0,
    1.0,
    0.0,
    0.0,
    0.0,
    0.0
  ],
  "scaler_scale": [
    106.5,
    3.0,
    88.0,
    3.0,
    85.0,
    1.0,
    0.5,
    1.0,
    1.0,
    1.0,
    1.0,
    1.0,
    1.0,
    1.0
  ],
  "timestamp": "2025-11-10T14:56:52.359805"
}